"economics","social","party1","party2"
4.818334981718858,7.560385722537842,"Democratic","Republican"
2.8666635054524203,-0.08467448642564715,"Democratic","Republican"
-0.16265381576596838,0.3640852611525446,"Republican",NA
1.875757755946461,0.4976520415919583,"Republican","Republican"
1.3998896751373264,2.9962779249799594,"Republican","Republican"
-0.43400737492017794,0.4021278316250538,"Democratic",NA
-1.3020069932251623,2.537593156349981,"Democratic","Republican"
-5.7308656004665375,-0.4844112311432561,"Democratic","Democratic"
1.1040288831421716,2.714808083342415,"Republican","Republican"
-5.105785697632987,0.4803471399743616,"Democratic","Democratic"
1.3298525106887298,3.9462559547992253,"Democratic","Republican"
-0.8303612382268077,2.7873776957140257,"Democratic","Republican"
-0.1859205884110558,6.846856425070012,"Democratic","Republican"
0.9590591872391151,-1.794559785218727,"Democratic",NA
1.4912756231957813,-0.51274331167851706,"Republican",NA
-0.8435836460283075,-3.4300838699798177,"Democratic","Democratic"
0.9250455428961195,1.0141566500177013,"Republican","Republican"
3.915104461405976,-1.573096382030466,"Democratic","Republican"
-0.735904365033961,8.576220913022418,"Democratic","Republican"
3.9551311440177344,1.9004455293496751,"Democratic","Republican"
-2.2584521398669652,-3.027799634470646,"Democratic","Democratic"
0.6557704496037714,-7.302332343426785,"Democratic","Democratic"
-2.7023917182167594,-4.258341413145344,"Republican","Democratic"
4.439539598016485,-0.255287855483749,"Republican","Republican"
-1.1379528471214075,2.1590605129430163,"Democratic","Republican"
0.4528390377342073,-1.2053462353615167,"Republican",NA
3.8013650830058356,-3.1151295142542192,"Republican",NA
8.128830942347019,2.4790125194625823,"Republican","Republican"
-0.5475995551324547,0.8242209471067095,"Democratic",NA
-1.9945386428252612,-3.292565614503022,"Democratic","Democratic"
-1.407422023869903,1.5797916864589243,"Republican",NA
-3.9145086899212815,-2.4660178188656383,"Republican","Democratic"
3.0554348306038115,4.119242961209867,"Democratic","Republican"
1.2109824924293995,-1.090491821084277,"Republican",NA
-2.636030167771669,0.837026153238682,"Republican",NA
-0.955589351870395,-1.7371147940701435,"Democratic","Democratic"
7.098762502952854,7.515306795386305,"Republican","Republican"
-2.4051437169598118,4.596218245420502,"Republican",NA
2.9874304635873585,-5.935328420539616,"Democratic",NA
1.2483823617677592,0.5946805204237414,"Republican","Republican"
1.0452673445946021,3.484111950442467,"Republican","Republican"
-1.9445784597175662,2.218428798006638,"Republican","Republican"
-1.6149117919513487,-0.3754261291020684,"Democratic","Democratic"
-0.7303714310038061,1.8529717468302125,"Republican",NA
-2.9566572096194017,0.7254322904006525,"Republican",NA
3.292216530925154,3.4424244419480283,"Republican","Republican"
-2.958932391472511,-1.4869182898043531,"Democratic","Democratic"
-0.8883564321926223,0.3229656498366433,"Republican",NA
1.6225008776412664,4.18018807358706,"Republican","Republican"
-3.7138123863297166,4.3913913019887625,"Republican",NA
-1.5303947251421333,-1.0737444713871396,"Democratic","Democratic"
-4.557731607671741,2.657313820217788,"Democratic",NA
-2.543402587056119,0.09685835924503039,"Democratic",NA
3.8277937188320323,2.2034494929061825,"Republican","Republican"
3.023839005528422,0.4901875088462794,"Republican","Republican"
2.7645005520361092,10.052977275584674,"Democratic","Republican"
1.836425146594277,2.564376081229031,"Democratic","Republican"
1.9419652147780235,1.4736812318232213,"Republican","Republican"
4.835687292276904,-2.361048547752271,"Republican",NA
4.830417061230064,0.34043179535517676,"Democratic","Republican"
-4.586336220217941,2.5009471289216973,"Democratic",NA
5.65784311200741,-0.44758062204354776,"Democratic","Republican"
-2.9350904291471394,-1.634769948638739,"Republican","Democratic"
-0.44428500435045276,1.8413679286854592,"Democratic",NA
1.5095164424911265,2.541460808883432,"Republican","Republican"
-5.077496787934455,3.676065230473784,"Republican",NA
-1.7715864540774628,4.42483222392319,"Democratic","Republican"
-1.1895679130009946,-4.2080691853430086,"Republican","Democratic"
1.1681945501681337,-0.022700809311451547,"Republican",NA
-3.0008616284781087,-1.1561926565075553,"Republican","Democratic"
-4.9783428756307915,-1.680184791018713,"Republican","Democratic"
-2.9478693279450017,4.613546285569082,"Democratic",NA
-1.0963206304475792,-0.25195086070468664,"Democratic","Democratic"
-2.0376175533008247,-0.3234854838756802,"Republican","Democratic"
-0.6232425503925252,2.7067942599771264,"Republican","Republican"
-1.2599436320574198,-0.45748559246408094,"Democratic","Democratic"
2.461353689487208,0.7461050875414277,"Democratic","Republican"
-2.944899011892885,-4.082872656741108,"Republican","Democratic"
-0.9315030391213303,6.6316141004776705,"Democratic","Republican"
-3.5358800650819173,-3.6959451101660497,"Democratic","Democratic"
-4.817511088006166,2.244704859363693,"Democratic",NA
-1.2386318478904161,-3.281435854360603,"Democratic","Democratic"
-1.3349110747308657,-3.0000029358369193,"Democratic","Democratic"
-2.797535367695131,3.013910135103156,"Democratic",NA
4.182358676449926,5.038948836767572,"Democratic","Republican"
5.461792995682851,-0.6943966737295754,"Republican","Republican"
1.564583186825149,1.194039811233138,"Democratic","Republican"
-1.5400985446859958,-5.934475979609375,"Democratic","Democratic"
-5.343052421875997,-4.5258883054115735,"Democratic","Democratic"
-5.591453275712648,3.8836324459176126,"Democratic",NA
-5.9330200149409364,4.033544923983508,"Republican",NA
-3.0589574417474967,-2.577345783978905,"Republican","Democratic"
-0.3058364687136292,3.4611938703680822,"Democratic","Republican"
1.5088061567855333,-3.528174377936583,"Democratic","Democratic"
-1.542286050591811,1.2253240053987704,"Democratic",NA
-3.5445857824169806,2.44422825292838,"Republican",NA
6.452124330084948,-0.015068998724712951,"Republican","Republican"
3.137707722630527,-1.8716750548882028,"Republican","Republican"
-3.701251227932806,2.1288335466044614,"Republican",NA
-2.5258772952881046,-7.617867713187643,"Democratic","Democratic"
-1.5023582662048152,2.2003162139672585,"Democratic","Republican"
-6.555168144838003,0.8477779332859242,"Republican","Democratic"
0.4898423370357441,-4.084396667918951,"Republican","Democratic"
-3.833101566400553,0.658186263920196,"Democratic","Democratic"
3.8033855047771965,1.3439627520503263,"Republican","Republican"
-0.853062401155311,3.3330078999054358,"Republican","Republican"
3.794812241384606,5.657280982010159,"Democratic","Republican"
-0.11252506931329175,-3.90018154647798,"Republican","Democratic"
1.4100872772885416,4.640983803412957,"Republican","Republican"
-0.03209663239123666,-1.1621078215928704,"Democratic","Democratic"
-2.650085939690431,-2.392438618238987,"Democratic","Democratic"
3.567516283793441,-5.748152828979423,"Republican",NA
0.8066479095837693,2.5408728454982854,"Democratic","Republican"
0.5972732209721021,-0.4386532371159204,"Republican",NA
-4.079759103218986,-1.9102183703760631,"Republican","Democratic"
-2.943360888740846,0.6420683098190385,"Democratic",NA
1.087657462577365,-1.8505188066825076,"Republican",NA
-0.5474581859219967,1.6286672232492256,"Democratic",NA
3.332651162554864,-4.174035823221013,"Republican",NA
0.43086095590209283,3.802883747098746,"Republican","Republican"
-1.0185882330209002,0.18618434204543827,"Democratic",NA
-2.3006560774746534,1.6790024610051932,"Democratic",NA
-1.1256924542737623,-0.7879338551445199,"Democratic","Democratic"
0.05100687583152883,2.1227396029708565,"Republican","Republican"
0.12071911165293378,1.1547054822646603,"Democratic","Republican"
1.3832490312294767,0.43153690060737593,"Democratic","Republican"
-1.8331284202034612,-3.8347868710418287,"Republican","Democratic"
-0.026902905726794213,-2.9425260416587986,"Democratic","Democratic"
-3.367154128060557,0.4956598422839765,"Democratic","Democratic"
2.5102806001923588,3.6757992971296543,"Democratic","Republican"
-9.00332775100701,-2.2789244966681887,"Democratic","Democratic"
-0.6320228266608874,1.1894921910979868,"Republican",NA
-0.8863224030846577,-1.3536883761370275,"Republican","Democratic"
0.3079246901424427,-0.3317801212278286,"Democratic",NA
-2.8416007476505736,-6.230728748741377,"Republican","Democratic"
-1.595529265752036,-0.0029844788734577814,"Republican","Democratic"
1.9823952265199205,-2.319973748733462,"Republican",NA
6.497061588270102,-0.5259357154029463,"Republican","Republican"
-0.09010359038836466,3.11380579017949,"Republican","Republican"
3.288918323611505,1.870423385646287,"Republican","Republican"
-2.708619007638112,5.472324929652069,"Republican",NA
2.079635949908659,-2.6971352000917332,"Republican",NA
6.447021126730658,3.0947371979281195,"Republican","Republican"
0.13850646373974318,2.0919242485236644,"Democratic","Republican"
4.786627690336449,-1.5668108640070817,"Democratic","Republican"
0.7259193454302793,0.5820170022164304,"Democratic","Republican"
-5.021524182586595,-2.1601658808848914,"Democratic","Democratic"
2.3986609990635377,1.9642448397150254,"Democratic","Republican"
2.1506334715376054,-0.8181489799864305,"Democratic","Republican"
-0.8943056991026709,-2.458757954455555,"Republican","Democratic"
2.912523735606813,-1.8302043100036076,"Democratic","Republican"
-0.284185169392892,-7.3224791997401155,"Democratic","Democratic"
-0.8531977438001781,-3.0618904553179465,"Republican","Democratic"
3.0931754846346067,-1.4695772408319967,"Democratic","Republican"
-1.8535585739416494,-2.916098010507289,"Democratic","Democratic"
0.796617946433281,4.0802946642120865,"Democratic","Republican"
-2.66870671511677,-1.7943284543198452,"Democratic","Democratic"
0.8788896523416025,-2.3687069032684636,"Democratic",NA
-0.6416807010256103,0.4774455765157698,"Republican",NA
-1.0786680900055945,-1.3383705416212623,"Republican","Democratic"
1.8195301079158681,4.621070930869015,"Republican","Republican"
2.179331454691824,3.1747032664555883,"Democratic","Republican"
3.7230805387131816,8.1320012581708,"Democratic","Republican"
-0.1914469584146904,0.7254690859629029,"Republican",NA
-2.9436192361954934,-0.7824037018898384,"Republican","Democratic"
9.21054838989998,-1.5587500379911488,"Republican","Republican"
-7.778448174998715,-1.301572495389982,"Republican","Democratic"
1.4053152326031322,-0.4251351097314728,"Democratic",NA
5.902419665368155,-3.0421780104002023,"Republican",NA
2.4940796941843946,2.375351005183683,"Democratic","Republican"
-3.5952207755030936,1.747232128723072,"Republican","Democratic"
-0.9005353905288479,2.6412833413508325,"Republican","Republican"
-1.9355600576349345,-0.17339518977984675,"Democratic","Democratic"
-0.46046486445099916,-0.5060325656969173,"Democratic","Democratic"
-4.934155658325958,-0.5037128588716515,"Democratic","Democratic"
-1.2807635525444914,1.1257145538707438,"Republican",NA
4.229527426037945,-1.3000145404670902,"Republican","Republican"
-1.2442508042759488,-3.398892564515573,"Democratic","Democratic"
-2.702538361955442,3.829315856270667,"Democratic",NA
-4.244282864072066,0.8743299471695568,"Republican","Democratic"
2.2041287405123606,2.529242143693354,"Democratic","Republican"
-5.163839836500865,-2.5452424041355814,"Democratic","Democratic"
0.07390708649975124,1.1063016912989263,"Republican","Republican"
-3.0771771146417977,-2.8530311950077136,"Democratic","Democratic"
-2.000932832169066,4.06075847165948,"Democratic",NA
-2.8929012870039807,1.6209873715869734,"Democratic",NA
1.2334134398730527,-4.369939091418576,"Republican","Democratic"
3.543358528032889,-0.003798456136571067,"Democratic","Republican"
0.7452122853062872,-1.9185241921619474,"Democratic",NA
1.98656666858647,-1.539357443286342,"Democratic",NA
-2.2389163490851796,0.648027020947148,"Democratic",NA
2.3009624392510775,1.6756152999956715,"Democratic","Republican"
-3.3907679529702666,-0.8085463682096171,"Democratic","Democratic"
2.3425110516454093,1.3642089088768508,"Republican","Republican"
-1.7375651726777588,-1.6763169770598556,"Democratic","Democratic"
0.7645773074064218,-4.324600455689002,"Republican","Democratic"
-0.15244279129850813,3.0076949339687733,"Democratic","Republican"
-5.279194624941428,-3.1928064497006075,"Republican","Democratic"
6.946346951312625,1.7253579747582046,"Democratic","Republican"
0.2966992856411025,-5.445857059992807,"Democratic","Democratic"
-0.015813193365304873,-0.38487340048923546,"Democratic","Democratic"
0.9909195449067868,3.2411888374238016,"Democratic","Republican"
-1.4629302256164913,-1.8967766156704475,"Democratic","Democratic"
-1.3608272108277564,-4.198356753663704,"Republican","Democratic"
3.793635432591082,-3.1003315226683985,"Democratic",NA
-1.0386235098341927,-0.4526109955410806,"Democratic","Democratic"
3.6705819689211747,4.150542131279285,"Democratic","Republican"
-4.075827602023714,-2.381867803299843,"Republican","Democratic"
-0.6135122499314681,-2.959187964647987,"Democratic","Democratic"
-1.7222732906484777,-0.9752622371706852,"Republican","Democratic"
3.2695902056134623,2.176618830260369,"Republican","Republican"
6.4137005748352065,-0.360413475819684,"Democratic","Republican"
4.764640467460512,2.2414969035990264,"Democratic","Republican"
8.50660137133874,-2.885951560607413,"Democratic",NA
0.30806724881539516,-0.6219244547554563,"Democratic",NA
-0.18797593726517486,-2.1221074097096326,"Democratic","Democratic"
-6.969179174351698,-1.4694279251159075,"Democratic","Democratic"
0.9843804655390747,-3.332932341939693,"Democratic","Democratic"
2.3005704005831062,3.5047744645799406,"Republican","Republican"
5.267976065357018,-5.581823080581548,"Democratic",NA
-1.2580152837299718,0.31303805157490894,"Democratic",NA
-0.15735732238584077,0.03803956062531887,"Republican",NA
-0.4432218709767437,3.9708873838577827,"Republican","Republican"
6.030124602862312,0.14704815061774085,"Democratic","Republican"
-1.2023124885965002,-5.851085048338038,"Democratic","Democratic"
-0.5115264334191867,0.2330865587375052,"Democratic",NA
1.00044905112282,1.586055544591492,"Democratic","Republican"
-1.6786395096118631,0.6840972866145367,"Republican",NA
-3.0805928361743184,-2.5811691238821766,"Republican","Democratic"
1.2737021758362805,2.561244808030259,"Republican","Republican"
6.15755685028587,0.6004004467098842,"Republican","Republican"
-2.6270098694148016,0.39409229069936946,"Republican",NA
-0.1818243723625938,-2.37330792233968,"Republican","Democratic"
0.3773633401985464,-2.9158357606406353,"Democratic",NA
-2.311346347278138,-1.169728952348223,"Democratic","Democratic"
-4.997314303217898,-4.197645136037357,"Republican","Democratic"
-0.5235343335532305,-0.15913621027623429,"Republican","Democratic"
-1.2526825438260079,3.8784133563445087,"Republican","Republican"
3.624372597631952,3.946010164549422,"Republican","Republican"
-0.9969886627121165,-1.1736979927872135,"Democratic","Democratic"
-2.839233598848315,0.7560760622336405,"Republican",NA
2.865926010549808,3.5001986147854334,"Democratic","Republican"
0.938700348450153,6.137806072807398,"Republican","Republican"
-1.1034717696692504,2.8598158697427296,"Republican","Republican"
-5.641048336429126,-0.8902492750754545,"Democratic","Democratic"
-1.196131456664013,2.189021065189087,"Republican","Republican"
-1.2420000814558574,0.4455400144110254,"Democratic",NA
-1.1451841566810814,2.006374691117226,"Republican","Republican"
-4.428642018524359,6.673245403036901,"Democratic",NA
-3.8109998441676103,0.519689303775063,"Democratic","Democratic"
-3.966845833467399,-2.537773741116007,"Democratic","Democratic"
-2.693358833580357,2.2510656555031248,"Democratic",NA
-1.9109022521482006,0.5420484789736214,"Democratic",NA
-0.2167217226984056,-1.0389940136101474,"Democratic","Democratic"
-1.8565792512812824,1.0411839239898055,"Democratic",NA
0.9759530695850349,-0.7494855177094073,"Republican",NA
4.341849527470847,-2.5654207717957505,"Republican",NA
0.3759225517862871,3.1706235780909564,"Democratic","Republican"
1.497728829999083,5.266188529701372,"Democratic","Republican"
-4.133188121853865,-2.6894978045116797,"Republican","Democratic"
3.167315676774745,-4.651672374916949,"Democratic",NA
6.329673530265618,-0.37426286243958407,"Democratic","Republican"
2.308967213756673,-7.664538826052249,"Democratic",NA
-3.3464689011266247,2.8525757518576,"Democratic",NA
2.1333666642926015,2.682802782362219,"Republican","Republican"
2.331907689906137,-2.8909138610072636,"Democratic",NA
-4.325180832546151,0.4422790622512956,"Democratic","Democratic"
-0.055977931396153494,3.3647928614539806,"Republican","Republican"
0.046895608420519555,-5.170695663129752,"Republican","Democratic"
6.051872003122452,-0.9391296637017245,"Republican","Republican"
1.7737616502626687,-4.962210111485146,"Democratic","Democratic"
0.08604270929404441,0.4950176854090199,"Democratic","Republican"
3.973992335987384,-1.8667553461675346,"Democratic","Republican"
-1.965656081626284,-3.1957052645427177,"Democratic","Democratic"
-6.534996131128365,1.365283265418821,"Republican","Democratic"
3.8226549397459952,-0.5834523312209674,"Republican","Republican"
2.0997805412465387,-4.712448611767263,"Democratic",NA
2.3751251013160104,0.07090014569099819,"Republican","Republican"
4.17884868236073,-3.5355832815352377,"Republican",NA
2.6994210645835395,-1.8698844301734958,"Republican","Republican"
0.9310724728345201,2.2864789345849768,"Republican","Republican"
-0.6985556909883779,0.6141919595940453,"Democratic",NA
-0.5505924860426642,-6.7607680979945295,"Republican","Democratic"
6.554241469836188,1.162434585048232,"Republican","Republican"
-1.7408469118482586,0.18341370213477676,"Republican",NA
-0.7248677142684019,0.5469674980281892,"Democratic",NA
-5.773631126890143,-2.259882570691027,"Republican","Democratic"
5.073522898354837,-4.92047413600093,"Democratic",NA
-0.7857800295314242,-2.6683213630845994,"Democratic","Democratic"
2.7716011336842103,0.7187654392356105,"Democratic","Republican"
3.818250466660868,-1.1144185400716577,"Republican","Republican"
-2.8137962152529297,-5.421051636018348,"Republican","Democratic"
-1.7121813001566002,-1.2375675975632454,"Republican","Democratic"
1.0129153889214013,2.4522632257624695,"Republican","Republican"
0.0176403762904866,1.1525141247566033,"Republican","Republican"
2.996949671071291,-2.3474262259378347,"Republican",NA
-1.1001805538922285,-1.2718224563740965,"Republican","Democratic"
-6.012457165773127,8.67680525528984,"Republican",NA
-0.5158540188544848,3.9071182790230896,"Democratic","Republican"
-0.2578108597744105,6.399391437009527,"Republican","Republican"
-4.672323040756207,0.8353230798255864,"Republican","Democratic"
1.601568241503561,2.0778401802361115,"Republican","Republican"
2.6207206841215123,5.893851519183179,"Republican","Republican"
3.761425511715596,2.68835867727707,"Democratic","Republican"
4.28364827046061,1.3408829163108107,"Democratic","Republican"
-1.8262504541404687,5.597984227990925,"Republican","Republican"
-4.847359066225016,-4.955306508409169,"Democratic","Democratic"
-1.5822298182942944,1.43489920422309,"Republican",NA
0.3263950847905986,-1.5764255850885558,"Republican",NA
-0.16310184816931755,-1.764419339505527,"Republican","Democratic"
-2.6660419574671956,-2.9972390364263304,"Democratic","Democratic"
1.5548410676824127,-1.4300651802292794,"Republican",NA
-3.2387765861309448,2.999163795847038,"Democratic",NA
-1.9638048891204574,0.441384206085434,"Democratic",NA
2.8471494894553713,-0.5813524329729732,"Democratic","Republican"
2.236983185735064,-4.474252561955371,"Republican",NA
3.5933977149782335,0.9579176752234555,"Democratic","Republican"
-0.6076302448966755,-5.491818661074773,"Democratic","Democratic"
-1.2619175853302695,2.7311287620513154,"Democratic","Republican"
-2.858798608853394,-0.08630550416608022,"Republican","Democratic"
3.9433088094518176,-0.803309713727751,"Democratic","Republican"
7.241468008983858,-0.3760275945317455,"Republican","Republican"
3.6172983640988976,3.802602460287737,"Democratic","Republican"
0.31538004849079937,-0.5901903122987476,"Republican",NA
-0.9128147676237703,3.333844399238635,"Democratic","Republican"
-5.061791432997461,-1.8441456869137989,"Democratic","Democratic"
-3.330151617956183,1.6687633274949851,"Republican","Democratic"
-1.2089839770395285,2.923484900656128,"Republican","Republican"
2.6959082083251102,-1.9125297907407088,"Democratic","Republican"
0.8345468056971351,2.1802831552222304,"Democratic","Republican"
5.503671197781367,4.5840868922617295,"Republican","Republican"
2.0598227449428816,6.014821859985564,"Republican","Republican"
-0.8545435297066539,-3.4022133601518845,"Republican","Democratic"
3.750860573589772,-1.6620036757764525,"Democratic","Republican"
-2.894358212149548,-0.5813703038644877,"Democratic","Democratic"
6.644759332094798,0.3286149512727926,"Republican","Republican"
-0.02743281362274562,7.521227376179217,"Republican","Republican"
1.1930672893827219,-0.28519178712544446,"Democratic",NA
-1.8853672249648636,1.3012931378201293,"Democratic",NA
2.9133354178298374,0.6686567195292874,"Democratic","Republican"
6.523959882980909,3.3040163050402036,"Republican","Republican"
4.599337048726317,-1.4131519136922424,"Republican","Republican"
2.2464460895842366,-4.313229526485094,"Democratic",NA
0.6802045949645579,-1.7174799590838747,"Democratic",NA
1.7821616704439318,-1.0651511970018754,"Republican",NA
6.739614597035686,2.091533182875201,"Democratic","Republican"
0.29142817359804085,0.23547557632233745,"Republican","Republican"
2.824165812887905,0.1895029386271035,"Republican","Republican"
3.014722658179924,1.4467983660107064,"Democratic","Republican"
1.1665848602494764,-3.5777679056882534,"Republican","Democratic"
-2.9534130477863743,1.3140424152819108,"Democratic",NA
-1.1853863640000093,0.6789212514150914,"Republican",NA
-1.8998532539312984,-0.019568581297821172,"Republican","Democratic"
1.5534200249237007,7.274637042762578,"Democratic","Republican"
0.1441800609177729,2.457862883379366,"Republican","Republican"
-3.731776832794725,-1.6854839126629622,"Republican","Democratic"
2.055553668928131,4.449906895547938,"Republican","Republican"
1.784645446121374,-0.8811199990275193,"Democratic",NA
-1.3608154454024253,2.9925846888428342,"Democratic","Republican"
4.2204473076557445,0.039076437540836034,"Democratic","Republican"
-4.211124476706319,2.7937035544643365,"Republican",NA
-0.08973111521412594,-8.546590284136824,"Democratic","Democratic"
2.3293131312581563,-2.330192244855346,"Republican",NA
2.927380862882547,-1.6123199813666902,"Republican","Republican"
-6.072950232014692,-0.13932493391304146,"Democratic","Democratic"
1.02074365985378,0.14845967308627603,"Republican","Republican"
-3.0129343461151548,-3.1304447539523004,"Democratic","Democratic"
3.1137358009088643,3.350218734071666,"Democratic","Republican"
-2.8597777381529266,-3.288699547726036,"Democratic","Democratic"
4.743365018697055,-6.054558801307887,"Republican",NA
4.163027749288219,1.259029281258921,"Republican","Republican"
1.0718841046195402,4.030840749287509,"Democratic","Republican"
-5.797979735768845,-0.4933807329357336,"Democratic","Democratic"
-1.361242991871264,-0.1658860845260951,"Republican","Democratic"
3.2989625242176404,4.35396357321945,"Democratic","Republican"
-2.5949625686199473,-0.06122805461078876,"Democratic","Democratic"
3.0108255906998025,2.787654666689555,"Democratic","Republican"
-1.585004657984241,-1.3849973382480125,"Republican","Democratic"
-0.9646350683851239,-0.9827153448739796,"Democratic","Democratic"
4.419188245457758,1.350593941515913,"Republican","Republican"
1.2796385918609698,2.0772280784968418,"Democratic","Republican"
0.5713975561319785,0.309118231971864,"Democratic","Republican"
-1.166646760194662,-0.5821379941452017,"Republican","Democratic"
5.921785976456575,0.01762876645052147,"Republican","Republican"
-0.5612788619580078,-0.450961253733393,"Democratic","Democratic"
1.4141803795566608,0.4220450871486605,"Democratic","Republican"
4.3101075751148725,0.23487891441855083,"Democratic","Republican"
-5.068381578663129,0.9698204716684742,"Republican","Democratic"
-1.0346469953385817,0.2908121327936304,"Republican",NA
1.677498500935388,0.46534317166630024,"Republican","Republican"
0.46182734191976804,-0.8031698367571807,"Democratic",NA
-1.6419227518501736,-2.152007738802736,"Republican","Democratic"
-1.6619001803952862,5.193189248052129,"Democratic","Republican"
-0.3677015684040988,3.543841373492884,"Democratic","Republican"
-2.867044443362211,0.03144847942191298,"Republican",NA
3.085209681693409,0.3241207067767305,"Democratic","Republican"
-1.1983863377721553,3.409233618279322,"Republican","Republican"
1.607190608634066,1.0706981728739697,"Republican","Republican"
7.170070307566562,0.4909987129920811,"Democratic","Republican"
-2.421896519337044,3.869539016051529,"Republican",NA
2.386451352267509,-4.1058307255297555,"Republican",NA
5.087659262025851,-1.8510938296325943,"Republican","Republican"
5.4309827862050195,1.3770908329641376,"Democratic","Republican"
-0.186703997726499,-1.7272231087922676,"Republican","Democratic"
0.5694416277782868,1.3774177810793409,"Republican","Republican"
3.2582932134977334,3.156466877221678,"Republican","Republican"
-0.8559085913890132,2.23943671491047,"Democratic","Republican"
-3.7646712977392083,3.1761136719387597,"Republican",NA
-1.7712495230516556,-1.1483382050359583,"Democratic","Democratic"
2.9255356285232104,0.42533560797090814,"Republican","Republican"
1.8633262110578972,2.8323313557628866,"Republican","Republican"
-0.9788731650041244,2.1304153866481226,"Democratic","Republican"
0.7535947197403432,3.5369603250540815,"Democratic","Republican"
2.221117467545329,0.5590171435092784,"Democratic","Republican"
8.102174438664429,0.8073866893129411,"Republican","Republican"
-0.8207002703970273,2.1330351541574677,"Democratic","Republican"
1.6342603570499228,2.2764000797761814,"Democratic","Republican"
-3.3779934568685963,1.6817330200887832,"Democratic","Democratic"
-0.041371358572875,0.11749999600067115,"Democratic",NA
-4.963065715095671,1.52612442053584,"Republican","Democratic"
-1.7475718587087656,-2.1820592461775328,"Republican","Democratic"
2.2844495292774125,-0.8709717077856417,"Democratic","Republican"
2.2635775684360833,-2.4829096624380123,"Democratic",NA
1.0348878813571525,-5.077645290696956,"Democratic","Democratic"
1.0948314775795378,5.464437266871103,"Democratic","Republican"
-2.420022800095943,-2.952667295628978,"Democratic","Democratic"
-2.3292241791620767,-4.955980705394651,"Democratic","Democratic"
-0.3716368936574801,-0.14263868352895792,"Democratic","Democratic"
6.549563552957327,3.2808760245429562,"Democratic","Republican"
-2.5056775018188286,-1.2241884466032755,"Democratic","Democratic"
3.992187833135933,3.484428411312299,"Democratic","Republican"
-0.2804488045807598,1.2428550113862205,"Republican",NA
-2.613623120135851,1.7380886624911702,"Republican",NA
-1.5556510043866232,-3.4262691337842615,"Democratic","Democratic"
3.6335282469050005,6.726103830218849,"Democratic","Republican"
-3.8268889146262692,4.371400241662714,"Democratic",NA
-3.2078203706457527,-1.7967608851859456,"Republican","Democratic"
-3.37385352235212,0.18991221698520364,"Republican","Democratic"
-4.5406384367007755,2.0662156115510184,"Republican",NA
3.4106996200976596,-4.155935915018081,"Democratic",NA
-3.6447422920335946,-8.36879390460376,"Republican","Democratic"
3.2296642653088905,-2.8241019506462717,"Republican",NA
-4.998768035081126,-0.12751566038645018,"Republican","Democratic"
-2.8707731218394925,1.8641994906977661,"Democratic",NA
-2.8586640687428697,0.8589677947445724,"Republican",NA
-0.713733868789584,-0.06816233335887342,"Democratic","Democratic"
-4.859152855862638,2.399894579964112,"Republican",NA
2.915617778801864,2.3520343563337702,"Democratic","Republican"
0.24447240545364224,-3.120739332160526,"Republican","Democratic"
7.466956861051453,0.07337282368515369,"Republican","Republican"
0.389057107856577,2.596225658488187,"Democratic","Republican"
2.1840863050164776,-2.7503863767712096,"Democratic",NA
-2.0775174266574936,0.9078253572228168,"Republican",NA
7.368350786675672,0.7266927989295761,"Democratic","Republican"
-4.808111373417935,1.2062457320092324,"Republican","Democratic"
0.5471849720671764,-3.762905519719376,"Republican","Democratic"
-0.13690526627682156,1.708589135475362,"Republican",NA
-0.08432982864634997,-5.653402830522373,"Republican","Democratic"
1.4562477755795995,-3.4754658245082837,"Democratic","Democratic"
-3.4436014898358094,-2.4663440041380693,"Democratic","Democratic"
-1.016290075938025,0.030237139226155473,"Democratic",NA
1.9495258973522345,2.9791900943568455,"Democratic","Republican"
7.2571259548493545,-2.498341764286999,"Republican",NA
-4.739974719340325,-1.0011067598154004,"Republican","Democratic"
-2.203882466652358,4.101491085173014,"Democratic",NA
-6.290266300086425,-3.497326990734243,"Republican","Democratic"
-1.3285937702023651,6.1958809533734245,"Republican","Republican"
4.601466778879806,-0.36575318585901373,"Democratic","Republican"
-1.4359670519555674,-1.3619897010503395,"Republican","Democratic"
-0.5188181313641387,6.466544846293087,"Republican","Republican"
-2.6046177174400853,0.08554938030674086,"Republican",NA
-1.4832719267674879,-1.1954930348213706,"Democratic","Democratic"
-2.6573524453042463,-2.3915101513291663,"Democratic","Democratic"
0.7391806200785983,5.845384926823892,"Democratic","Republican"
2.917898033660795,4.400778866743993,"Republican","Republican"
-2.144116429456668,-0.19404573105534578,"Republican","Democratic"
-3.8079208725508487,3.1584627493407043,"Democratic",NA
-2.765382571169722,0.39225455647886487,"Republican",NA
-0.2531597035019951,0.3108524708537218,"Democratic",NA
1.8949838922231275,1.6761925837359177,"Republican","Republican"
-3.1195066217169343,-0.9289979373858777,"Democratic","Democratic"
-4.84219345721068,2.6643155336946345,"Republican",NA
-2.284689019855179,-6.092639341034289,"Republican","Democratic"
-3.0613112819475896,3.933059590149667,"Democratic",NA
2.2759024760670057,-0.41076564529612014,"Democratic","Republican"
-0.7455132591015077,-0.3466680442269491,"Democratic","Democratic"
-1.157631759889306,-5.152414654607749,"Republican","Democratic"
-2.385288020804988,0.7752504860099416,"Democratic",NA
-2.4674061824478133,-7.598659720143043,"Republican","Democratic"
3.3174776989811177,2.0933406769981913,"Republican","Republican"
-0.6425748618541551,-5.8529984122223135,"Democratic","Democratic"
0.5657820450240825,-4.330379902669736,"Republican","Democratic"
-2.1938160655507275,-1.3345052128524935,"Republican","Democratic"
4.166795461035447,1.3504652392194147,"Democratic","Republican"
4.751982632302717,-0.2436261981924529,"Republican","Republican"
-0.3913173075983838,-1.3670132664346593,"Democratic","Democratic"
-0.012109200230193691,2.118987341298138,"Republican","Republican"
4.539424801886628,-2.4323329583358166,"Republican",NA
1.187566393040525,-1.8051390579411501,"Republican",NA
-2.0055669773656213,-1.2922497115427647,"Republican","Democratic"
